id,fname,lname,email,profession,city
1,Ahmed,Mughal,ahmed.mughal52@example.com,Designer,Islamabad
2,Ali,Abbasi,ali.abbasi899@example.com,Nurse,Rawalpindi
3,Zain,Butt,zain.butt482@example.com,Doctor,Faisalabad
4,Zainab,Mirza,zainab.mirza731@example.com,Software Engineer,Lahore
5,Farhan,Sheikh,farhan.sheikh216@example.com,Designer,Faisalabad
6,Amna,Mirza,amna.mirza770@example.com,Teacher,Faisalabad
7,Bilal,Mirza,bilal.mirza760@example.com,Teacher,Peshawar
8,Zainab,Mirza,zainab.mirza613@example.com,Nurse,Lahore
9,Zain,Mughal,zain.mughal627@example.com,Software Engineer,Lahore
10,Mariam,Sheikh,mariam.sheikh198@example.com,Software Engineer,Karachi
11,Bilal,Malik,bilal.malik889@example.com,Developer,Rawalpindi
12,Saad,Chaudhry,saad.chaudhry95@example.com,Developer,Peshawar
13,Usman,Malik,usman.malik829@example.com,Designer,Peshawar
14,Mariam,Qureshi,mariam.qureshi127@example.com,Software Engineer,Islamabad
15,Laiba,Raza,laiba.raza521@example.com,Pharmacist,Faisalabad
16,Bilal,Abbasi,bilal.abbasi366@example.com,Teacher,Peshawar
17,Imran,Malik,imran.malik23@example.com,Lawyer,Islamabad
18,Ayesha,Mughal,ayesha.mughal626@example.com,Doctor,Lahore
19,Laiba,Sheikh,laiba.sheikh750@example.com,Software Engineer,Faisalabad
20,Bilal,Mughal,bilal.mughal460@example.com,Doctor,Peshawar
21,Ahmed,Mughal,ahmed.mughal951@example.com,Doctor,Faisalabad
22,Ayesha,Abbasi,ayesha.abbasi851@example.com,Accountant,Rawalpindi
23,Farhan,Malik,farhan.malik903@example.com,Designer,Peshawar
24,Hassan,Butt,hassan.butt90@example.com,Teacher,Islamabad
25,Ayesha,Raza,ayesha.raza245@example.com,Pharmacist,Karachi
26,Zainab,Khan,zainab.khan857@example.com,Doctor,Karachi
27,Usman,Mughal,usman.mughal396@example.com,Teacher,Lahore
28,Zainab,Mughal,zainab.mughal905@example.com,Lawyer,Rawalpindi
29,Usman,Mughal,usman.mughal542@example.com,Engineer,Karachi
30,Saad,Butt,saad.butt132@example.com,Engineer,Faisalabad
31,Bilal,Malik,bilal.malik109@example.com,Pharmacist,Islamabad
32,Mariam,Mirza,mariam.mirza119@example.com,Doctor,Faisalabad
33,Ali,Raza,ali.raza381@example.com,Pharmacist,Lahore
34,Ayesha,Butt,ayesha.butt649@example.com,Accountant,Islamabad
35,Iqra,Butt,iqra.butt540@example.com,Developer,Lahore
36,Usman,Sheikh,usman.sheikh126@example.com,Doctor,Lahore
37,Fatima,Malik,fatima.malik327@example.com,Teacher,Islamabad
38,Laiba,Malik,laiba.malik36@example.com,Teacher,Peshawar
39,Bilal,Mirza,bilal.mirza87@example.com,Designer,Faisalabad
40,Ali,Butt,ali.butt265@example.com,Doctor,Lahore
41,Sana,Butt,sana.butt970@example.com,Engineer,Lahore
42,Sana,Sheikh,sana.sheikh421@example.com,Developer,Karachi
43,Saad,Khan,saad.khan132@example.com,Nurse,Lahore
44,Hamza,Abbasi,hamza.abbasi816@example.com,Designer,Karachi
45,Ayesha,Abbasi,ayesha.abbasi249@example.com,Lawyer,Karachi
46,Ahmed,Mirza,ahmed.mirza544@example.com,Lawyer,Islamabad
47,Ayesha,Malik,ayesha.malik21@example.com,Developer,Faisalabad
48,Hamza,Chaudhry,hamza.chaudhry173@example.com,Pharmacist,Karachi
49,Sana,Mughal,sana.mughal587@example.com,Designer,Faisalabad
50,Hamza,Khan,hamza.khan586@example.com,Software Engineer,Lahore
51,Hira,Abbasi,hira.abbasi630@example.com,Nurse,Peshawar
52,Sara,Mirza,sara.mirza464@example.com,Designer,Lahore
53,Ali,Malik,ali.malik524@example.com,Teacher,Rawalpindi
54,Usman,Sheikh,usman.sheikh742@example.com,Lawyer,Rawalpindi
55,Ahmed,Butt,ahmed.butt727@example.com,Developer,Rawalpindi
56,Hassan,Mughal,hassan.mughal427@example.com,Nurse,Faisalabad
57,Bilal,Khan,bilal.khan392@example.com,Doctor,Islamabad
58,Bilal,Qureshi,bilal.qureshi859@example.com,Nurse,Karachi
59,Bilal,Malik,bilal.malik442@example.com,Lawyer,Karachi
60,Amna,Khan,amna.khan35@example.com,Lawyer,Karachi
61,Fatima,Malik,fatima.malik949@example.com,Teacher,Islamabad
62,Ayesha,Malik,ayesha.malik91@example.com,Software Engineer,Islamabad
63,Ahmed,Raza,ahmed.raza172@example.com,Teacher,Islamabad
64,Imran,Mughal,imran.mughal692@example.com,Pharmacist,Faisalabad
65,Saad,Butt,saad.butt185@example.com,Developer,Karachi
66,Sara,Qureshi,sara.qureshi697@example.com,Developer,Peshawar
67,Amna,Raza,amna.raza79@example.com,Accountant,Faisalabad
68,Hassan,Abbasi,hassan.abbasi200@example.com,Lawyer,Lahore
69,Mariam,Chaudhry,mariam.chaudhry399@example.com,Nurse,Islamabad
70,Hassan,Chaudhry,hassan.chaudhry167@example.com,Doctor,Peshawar
71,Hassan,Qureshi,hassan.qureshi864@example.com,Engineer,Karachi
72,Hassan,Chaudhry,hassan.chaudhry998@example.com,Designer,Lahore
73,Ahmed,Mughal,ahmed.mughal668@example.com,Doctor,Faisalabad
74,Ali,Chaudhry,ali.chaudhry988@example.com,Lawyer,Islamabad
75,Fatima,Mirza,fatima.mirza516@example.com,Designer,Rawalpindi
76,Imran,Abbasi,imran.abbasi330@example.com,Doctor,Rawalpindi
77,Sara,Abbasi,sara.abbasi763@example.com,Teacher,Rawalpindi
78,Ayesha,Butt,ayesha.butt618@example.com,Software Engineer,Faisalabad
79,Ahmed,Qureshi,ahmed.qureshi271@example.com,Doctor,Faisalabad
80,Imran,Butt,imran.butt831@example.com,Software Engineer,Karachi
81,Imran,Chaudhry,imran.chaudhry245@example.com,Developer,Rawalpindi
82,Zain,Raza,zain.raza752@example.com,Engineer,Lahore
83,Saad,Mughal,saad.mughal963@example.com,Teacher,Faisalabad
84,Usman,Chaudhry,usman.chaudhry433@example.com,Developer,Islamabad
85,Mariam,Qureshi,mariam.qureshi554@example.com,Teacher,Karachi
86,Bilal,Malik,bilal.malik604@example.com,Nurse,Peshawar
87,Farhan,Khan,farhan.khan262@example.com,Designer,Faisalabad
88,Hamza,Khan,hamza.khan467@example.com,Developer,Rawalpindi
89,Usman,Butt,usman.butt981@example.com,Doctor,Lahore
90,Zain,Malik,zain.malik84@example.com,Nurse,Rawalpindi
91,Zain,Sheikh,zain.sheikh591@example.com,Engineer,Faisalabad
92,Hira,Khan,hira.khan568@example.com,Designer,Karachi
93,Zain,Raza,zain.raza456@example.com,Lawyer,Peshawar
94,Ahmed,Malik,ahmed.malik979@example.com,Developer,Rawalpindi
95,Hamza,Mughal,hamza.mughal634@example.com,Engineer,Islamabad
96,Zainab,Abbasi,zainab.abbasi325@example.com,Engineer,Peshawar
97,Saad,Sheikh,saad.sheikh608@example.com,Lawyer,Lahore
98,Hassan,Raza,hassan.raza728@example.com,Teacher,Rawalpindi
99,Laiba,Malik,laiba.malik280@example.com,Lawyer,Karachi
100,Zain,Sheikh,zain.sheikh194@example.com,Doctor,Islamabad
